{
  "annotations": {
    "list": [
      {
        "builtIn": 1,
        "datasource": {
          "type": "datasource",
          "uid": "grafana"
        },
        "enable": true,
        "hide": true,
        "iconColor": "rgba(0, 211, 255, 1)",
        "name": "Annotations & Alerts",
        "target": {
          "limit": 100,
          "matchAny": false,
          "tags": [],
          "type": "dashboard"
        },
        "type": "dashboard"
      }
    ]
  },
  "editable": true,
  "fiscalYearStartMonth": 0,
  "graphTooltip": 0,
  "id": 13,
  "iteration": 1659109675004,
  "links": [],
  "liveNow": false,
  "panels": [
    {
      "collapsed": false,
      "datasource": {
        "type": "prometheus",
        "uid": "qnsxR6C7z"
      },
      "gridPos": {
        "h": 1,
        "w": 24,
        "x": 0,
        "y": 0
      },
      "id": 2,
      "panels": [],
      "title": "API UPTIME & DB CONNECTION",
      "type": "row"
    },
    {
      "datasource": {},
      "description": "API uptime",
      "fieldConfig": {
        "defaults": {
          "color": {
            "mode": "thresholds"
          },
          "mappings": [],
          "thresholds": {
            "mode": "absolute",
            "steps": [
              {
                "color": "dark-blue",
                "value": null
              }
            ]
          },
          "unit": "dthms"
        },
        "overrides": []
      },
      "gridPos": {
        "h": 4,
        "w": 5,
        "x": 0,
        "y": 1
      },
      "id": 4,
      "options": {
        "colorMode": "value",
        "graphMode": "none",
        "justifyMode": "auto",
        "orientation": "auto",
        "reduceOptions": {
          "calcs": [
            "lastNotNull"
          ],
          "fields": "",
          "values": false
        },
        "textMode": "auto"
      },
      "pluginVersion": "9.0.3",
      "targets": [
        {
          "datasource": {
            "type": "prometheus",
            "uid": "PybU_5x7k"
          },
          "exemplar": true,
          "expr": "process_uptime_seconds{application=\"$application\", instance=\"$instance\", job=\"$job\"}",
          "interval": "",
          "legendFormat": "",
          "refId": "A"
        }
      ],
      "title": "UPTIME",
      "type": "stat"
    },
    {
      "datasource": {},
      "description": "Pool de conexões JDBC",
      "fieldConfig": {
        "defaults": {
          "color": {
            "mode": "thresholds"
          },
          "mappings": [],
          "thresholds": {
            "mode": "absolute",
            "steps": [
              {
                "color": "dark-red",
                "value": null
              },
              {
                "color": "dark-green",
                "value": 10
              }
            ]
          },
          "unit": "short"
        },
        "overrides": []
      },
      "gridPos": {
        "h": 5,
        "w": 4,
        "x": 5,
        "y": 1
      },
      "id": 14,
      "options": {
        "colorMode": "value",
        "graphMode": "none",
        "justifyMode": "auto",
        "orientation": "auto",
        "reduceOptions": {
          "calcs": [
            "lastNotNull"
          ],
          "fields": "",
          "values": false
        },
        "textMode": "auto"
      },
      "pluginVersion": "9.0.3",
      "targets": [
        {
          "datasource": {
            "type": "prometheus",
            "uid": "PybU_5x7k"
          },
          "exemplar": true,
          "expr": "hikaricp_connections{application=\"$application\", instance=\"$instance\", job=\"$job\", pool=\"$pool\"}",
          "interval": "",
          "legendFormat": "",
          "refId": "A"
        }
      ],
      "title": "JDBC POOL",
      "type": "stat"
    },
    {
      "datasource": {},
      "description": "Estado das conexões com o database",
      "fieldConfig": {
        "defaults": {
          "color": {
            "mode": "palette-classic"
          },
          "custom": {
            "axisLabel": "",
            "axisPlacement": "auto",
            "barAlignment": 0,
            "drawStyle": "line",
            "fillOpacity": 10,
            "gradientMode": "opacity",
            "hideFrom": {
              "legend": false,
              "tooltip": false,
              "viz": false
            },
            "lineInterpolation": "linear",
            "lineWidth": 1,
            "pointSize": 5,
            "scaleDistribution": {
              "type": "linear"
            },
            "showPoints": "never",
            "spanNulls": false,
            "stacking": {
              "group": "A",
              "mode": "none"
            },
            "thresholdsStyle": {
              "mode": "off"
            }
          },
          "mappings": [],
          "thresholds": {
            "mode": "absolute",
            "steps": [
              {
                "color": "green",
                "value": null
              }
            ]
          },
          "unit": "short"
        },
        "overrides": []
      },
      "gridPos": {
        "h": 9,
        "w": 15,
        "x": 9,
        "y": 1
      },
      "id": 16,
      "options": {
        "legend": {
          "calcs": [
            "min",
            "max",
            "lastNotNull"
          ],
          "displayMode": "table",
          "placement": "bottom"
        },
        "tooltip": {
          "mode": "single",
          "sort": "none"
        }
      },
      "targets": [
        {
          "datasource": {
            "type": "prometheus",
            "uid": "PybU_5x7k"
          },
          "exemplar": true,
          "expr": "hikaricp_connections_active{application=\"$application\", instance=\"$instance\", job=\"$job\", pool=\"$pool\"}",
          "interval": "",
          "legendFormat": "active",
          "refId": "A"
        },
        {
          "datasource": {
            "type": "prometheus",
            "uid": "PybU_5x7k"
          },
          "exemplar": true,
          "expr": "hikaricp_connections_idle{application=\"$application\", instance=\"$instance\", job=\"$job\", pool=\"$pool\"}",
          "hide": false,
          "interval": "",
          "legendFormat": "idle",
          "refId": "B"
        },
        {
          "datasource": {
            "type": "prometheus",
            "uid": "PybU_5x7k"
          },
          "exemplar": true,
          "expr": "hikaricp_connections_pending{application=\"$application\", instance=\"$instance\", job=\"$job\", pool=\"$pool\"}",
          "hide": false,
          "interval": "",
          "legendFormat": "pending",
          "refId": "C"
        }
      ],
      "title": "CONNECTION STATE",
      "type": "timeseries"
    },
    {
      "datasource": {},
      "description": "Hora da inicialização da API",
      "fieldConfig": {
        "defaults": {
          "color": {
            "mode": "thresholds"
          },
          "mappings": [],
          "thresholds": {
            "mode": "absolute",
            "steps": [
              {
                "color": "dark-blue",
                "value": null
              }
            ]
          },
          "unit": "dateTimeAsLocalNoDateIfToday"
        },
        "overrides": []
      },
      "gridPos": {
        "h": 5,
        "w": 5,
        "x": 0,
        "y": 5
      },
      "id": 6,
      "options": {
        "colorMode": "value",
        "graphMode": "none",
        "justifyMode": "auto",
        "orientation": "auto",
        "reduceOptions": {
          "calcs": [
            "lastNotNull"
          ],
          "fields": "",
          "values": false
        },
        "textMode": "auto"
      },
      "pluginVersion": "9.0.3",
      "targets": [
        {
          "datasource": {
            "type": "prometheus",
            "uid": "PybU_5x7k"
          },
          "exemplar": true,
          "expr": "process_start_time_seconds{application=\"$application\", instance=\"$instance\", job=\"$job\"} * 1000",
          "interval": "",
          "legendFormat": "",
          "refId": "A"
        }
      ],
      "title": "START TIME",
      "type": "stat"
    },
    {
      "datasource": {},
      "description": "Conexões com o database em timeout",
      "fieldConfig": {
        "defaults": {
          "color": {
            "mode": "thresholds"
          },
          "decimals": 0,
          "mappings": [],
          "thresholds": {
            "mode": "absolute",
            "steps": [
              {
                "color": "dark-green",
                "value": null
              },
              {
                "color": "dark-red",
                "value": 2
              }
            ]
          },
          "unit": "short"
        },
        "overrides": []
      },
      "gridPos": {
        "h": 4,
        "w": 4,
        "x": 5,
        "y": 6
      },
      "id": 18,
      "options": {
        "colorMode": "value",
        "graphMode": "none",
        "justifyMode": "auto",
        "orientation": "auto",
        "reduceOptions": {
          "calcs": [
            "lastNotNull"
          ],
          "fields": "",
          "values": false
        },
        "textMode": "auto"
      },
      "pluginVersion": "9.0.3",
      "targets": [
        {
          "datasource": {
            "type": "prometheus",
            "uid": "PybU_5x7k"
          },
          "exemplar": true,
          "expr": "increase(hikaricp_connections_timeout_total{application=\"$application\", instance=\"$instance\", job=\"$job\", pool=\"$pool\"}[5m])",
          "interval": "",
          "legendFormat": "",
          "refId": "A"
        }
      ],
      "title": "DB CONNECTION TIMEOUT",
      "type": "stat"
    },
    {
      "collapsed": false,
      "datasource": {
        "type": "prometheus",
        "uid": "qnsxR6C7z"
      },
      "gridPos": {
        "h": 1,
        "w": 24,
        "x": 0,
        "y": 10
      },
      "id": 46,
      "panels": [],
      "title": "API USE - MEMORY & CPU",
      "type": "row"
    },
    {
      "datasource": {},
      "description": "Memória heap utilizada",
      "fieldConfig": {
        "defaults": {
          "color": {
            "mode": "thresholds"
          },
          "mappings": [],
          "max": 100,
          "min": 0,
          "thresholds": {
            "mode": "absolute",
            "steps": [
              {
                "color": "dark-green",
                "value": null
              },
              {
                "color": "dark-red",
                "value": 80
              },
              {
                "color": "dark-purple",
                "value": 100
              }
            ]
          },
          "unit": "percent"
        },
        "overrides": []
      },
      "gridPos": {
        "h": 4,
        "w": 4,
        "x": 0,
        "y": 11
      },
      "id": 38,
      "options": {
        "orientation": "auto",
        "reduceOptions": {
          "calcs": [
            "lastNotNull"
          ],
          "fields": "",
          "values": false
        },
        "showThresholdLabels": false,
        "showThresholdMarkers": true
      },
      "pluginVersion": "9.0.3",
      "targets": [
        {
          "datasource": {
            "type": "prometheus",
            "uid": "PybU_5x7k"
          },
          "exemplar": true,
          "expr": "sum(jvm_memory_used_bytes{application=\"$application\", instance=\"$instance\", job=\"$job\", area=\"heap\"})* 100 / sum(jvm_memory_max_bytes{application=\"$application\", instance=\"$instance\", job=\"$job\", area=\"heap\"})",
          "interval": "",
          "legendFormat": "",
          "refId": "A"
        }
      ],
      "title": "HEAP USED",
      "type": "gauge"
    },
    {
      "datasource": {},
      "description": "Utilização de CPU",
      "fieldConfig": {
        "defaults": {
          "color": {
            "mode": "palette-classic"
          },
          "custom": {
            "axisLabel": "",
            "axisPlacement": "auto",
            "barAlignment": 0,
            "drawStyle": "line",
            "fillOpacity": 10,
            "gradientMode": "opacity",
            "hideFrom": {
              "legend": false,
              "tooltip": false,
              "viz": false
            },
            "lineInterpolation": "linear",
            "lineWidth": 1,
            "pointSize": 5,
            "scaleDistribution": {
              "type": "linear"
            },
            "showPoints": "never",
            "spanNulls": false,
            "stacking": {
              "group": "A",
              "mode": "none"
            },
            "thresholdsStyle": {
              "mode": "off"
            }
          },
          "mappings": [],
          "thresholds": {
            "mode": "absolute",
            "steps": [
              {
                "color": "green",
                "value": null
              },
              {
                "color": "red",
                "value": 80
              }
            ]
          },
          "unit": "percentunit"
        },
        "overrides": []
      },
      "gridPos": {
        "h": 8,
        "w": 10,
        "x": 4,
        "y": 11
      },
      "id": 42,
      "options": {
        "legend": {
          "calcs": [
            "min",
            "max",
            "lastNotNull"
          ],
          "displayMode": "table",
          "placement": "bottom"
        },
        "tooltip": {
          "mode": "single",
          "sort": "none"
        }
      },
      "targets": [
        {
          "datasource": {
            "type": "prometheus",
            "uid": "PybU_5x7k"
          },
          "exemplar": true,
          "expr": "system_cpu_usage{application=\"$application\", instance=\"$instance\", job=\"$job\"}",
          "interval": "",
          "legendFormat": "System CPU usage",
          "refId": "A"
        },
        {
          "datasource": {
            "type": "prometheus",
            "uid": "PybU_5x7k"
          },
          "exemplar": true,
          "expr": "process_cpu_usage{application=\"$application\", instance=\"$instance\", job=\"$job\"}",
          "hide": false,
          "interval": "",
          "legendFormat": "Process CPU usage",
          "refId": "B"
        }
      ],
      "title": "CPU UTILIZATION",
      "type": "timeseries"
    },
    {
      "datasource": {},
      "description": "Média de uso de CPU",
      "fieldConfig": {
        "defaults": {
          "color": {
            "mode": "palette-classic"
          },
          "custom": {
            "axisLabel": "",
            "axisPlacement": "auto",
            "barAlignment": 0,
            "drawStyle": "line",
            "fillOpacity": 10,
            "gradientMode": "opacity",
            "hideFrom": {
              "legend": false,
              "tooltip": false,
              "viz": false
            },
            "lineInterpolation": "linear",
            "lineWidth": 1,
            "pointSize": 5,
            "scaleDistribution": {
              "type": "linear"
            },
            "showPoints": "never",
            "spanNulls": false,
            "stacking": {
              "group": "A",
              "mode": "none"
            },
            "thresholdsStyle": {
              "mode": "off"
            }
          },
          "mappings": [],
          "thresholds": {
            "mode": "absolute",
            "steps": [
              {
                "color": "green",
                "value": null
              },
              {
                "color": "red",
                "value": 80
              }
            ]
          },
          "unit": "short"
        },
        "overrides": []
      },
      "gridPos": {
        "h": 8,
        "w": 10,
        "x": 14,
        "y": 11
      },
      "id": 44,
      "options": {
        "legend": {
          "calcs": [
            "min",
            "max",
            "lastNotNull"
          ],
          "displayMode": "table",
          "placement": "bottom"
        },
        "tooltip": {
          "mode": "single",
          "sort": "none"
        }
      },
      "targets": [
        {
          "datasource": {
            "type": "prometheus",
            "uid": "PybU_5x7k"
          },
          "editorMode": "code",
          "exemplar": true,
          "expr": "system_load_average_1m{instance=\"$instance\", application=\"$application\", job=\"$job\"}",
          "interval": "",
          "legendFormat": "Load average",
          "range": true,
          "refId": "A"
        },
        {
          "datasource": {
            "type": "prometheus",
            "uid": "PybU_5x7k"
          },
          "exemplar": true,
          "expr": "system_cpu_count{application=\"$application\", instance=\"$instance\", job=\"$job\"}",
          "hide": false,
          "interval": "",
          "legendFormat": "CPU core size",
          "refId": "B"
        }
      ],
      "title": "LOAD AVERAGE",
      "type": "timeseries"
    },
    {
      "datasource": {
        "type": "prometheus",
        "uid": "xQuegxR4k"
      },
      "description": "Memória non-heap utilizada ",
      "fieldConfig": {
        "defaults": {
          "color": {
            "mode": "thresholds"
          },
          "mappings": [],
          "max": 100,
          "min": 0,
          "thresholds": {
            "mode": "absolute",
            "steps": [
              {
                "color": "dark-green",
                "value": null
              },
              {
                "color": "dark-red",
                "value": 80
              },
              {
                "color": "dark-purple",
                "value": 100
              }
            ]
          },
          "unit": "percent"
        },
        "overrides": []
      },
      "gridPos": {
        "h": 4,
        "w": 4,
        "x": 0,
        "y": 15
      },
      "id": 40,
      "options": {
        "orientation": "auto",
        "reduceOptions": {
          "calcs": [
            "lastNotNull"
          ],
          "fields": "",
          "values": false
        },
        "showThresholdLabels": false,
        "showThresholdMarkers": true
      },
      "pluginVersion": "9.0.3",
      "targets": [
        {
          "datasource": {
            "type": "prometheus",
            "uid": "PybU_5x7k"
          },
          "exemplar": true,
          "expr": "sum(jvm_memory_used_bytes{application=\"$application\", instance=\"$instance\", job=\"$job\", area=\"nonheap\"})* 100 / sum(jvm_memory_max_bytes{application=\"$application\", instance=\"$instance\", job=\"$job\", area=\"nonheap\"})",
          "interval": "",
          "legendFormat": "",
          "refId": "A"
        }
      ],
      "title": "NON-HEAP USED",
      "type": "gauge"
    },
    {
      "collapsed": false,
      "datasource": {
        "type": "prometheus",
        "uid": "qnsxR6C7z"
      },
      "gridPos": {
        "h": 1,
        "w": 24,
        "x": 0,
        "y": 19
      },
      "id": 20,
      "panels": [],
      "title": "API RED - HTTP STATISTICS",
      "type": "row"
    },
    {
      "datasource": {},
      "description": "Disponibilidade dos últimos 5m",
      "fieldConfig": {
        "defaults": {
          "color": {
            "mode": "thresholds"
          },
          "custom": {
            "axisLabel": "",
            "axisPlacement": "auto",
            "barAlignment": 0,
            "drawStyle": "line",
            "fillOpacity": 50,
            "gradientMode": "opacity",
            "hideFrom": {
              "legend": false,
              "tooltip": false,
              "viz": false
            },
            "lineInterpolation": "linear",
            "lineStyle": {
              "fill": "solid"
            },
            "lineWidth": 1,
            "pointSize": 5,
            "scaleDistribution": {
              "type": "linear"
            },
            "showPoints": "never",
            "spanNulls": false,
            "stacking": {
              "group": "A",
              "mode": "none"
            },
            "thresholdsStyle": {
              "mode": "off"
            }
          },
          "decimals": 1,
          "mappings": [],
          "max": 1,
          "min": 0,
          "thresholds": {
            "mode": "absolute",
            "steps": [
              {
                "color": "dark-blue",
                "value": null
              },
              {
                "color": "red",
                "value": 96
              },
              {
                "color": "dark-orange",
                "value": 97
              },
              {
                "color": "dark-yellow",
                "value": 98
              },
              {
                "color": "dark-green",
                "value": 99
              },
              {
                "color": "dark-blue",
                "value": 99.9
              }
            ]
          },
          "unit": "percentunit"
        },
        "overrides": []
      },
      "gridPos": {
        "h": 7,
        "w": 24,
        "x": 0,
        "y": 20
      },
      "id": 50,
      "options": {
        "legend": {
          "calcs": [
            "mean",
            "lastNotNull"
          ],
          "displayMode": "list",
          "placement": "bottom"
        },
        "tooltip": {
          "mode": "single",
          "sort": "none"
        }
      },
      "targets": [
        {
          "datasource": {
            "type": "prometheus",
            "uid": "qnsxR6C7z"
          },
          "editorMode": "code",
          "expr": "sum(rate(http_server_requests_seconds_sum{instance=\"$instance\", application=\"$application\", job=\"$job\", status!~\"5..\"}[5m])) / sum(rate(http_server_requests_seconds_sum{instance=\"$instance\", application=\"$application\", job=\"$job\"}[5m]))",
          "legendFormat": "availability 5m",
          "range": true,
          "refId": "A"
        }
      ],
      "title": "AVAILABILITY",
      "type": "timeseries"
    },
    {
      "datasource": {},
      "description": "Total de requisições no último minuto",
      "fieldConfig": {
        "defaults": {
          "color": {
            "mode": "thresholds"
          },
          "decimals": 0,
          "mappings": [],
          "min": -3,
          "thresholds": {
            "mode": "absolute",
            "steps": [
              {
                "color": "dark-green",
                "value": null
              },
              {
                "color": "dark-orange",
                "value": 30
              },
              {
                "color": "dark-green",
                "value": 60
              }
            ]
          },
          "unit": "short"
        },
        "overrides": []
      },
      "gridPos": {
        "h": 4,
        "w": 4,
        "x": 0,
        "y": 27
      },
      "id": 22,
      "options": {
        "colorMode": "value",
        "graphMode": "none",
        "justifyMode": "auto",
        "orientation": "auto",
        "reduceOptions": {
          "calcs": [
            "lastNotNull"
          ],
          "fields": "",
          "values": false
        },
        "textMode": "auto"
      },
      "pluginVersion": "9.0.3",
      "targets": [
        {
          "datasource": {
            "type": "prometheus",
            "uid": "PybU_5x7k"
          },
          "exemplar": true,
          "expr": "sum(increase(http_server_requests_seconds_count{application=\"$application\", instance=\"$instance\", job=\"$job\"}[5m]))",
          "interval": "",
          "legendFormat": "",
          "refId": "A"
        }
      ],
      "title": "TOTAL REQUESTS",
      "type": "stat"
    },
    {
      "datasource": {},
      "description": "Número de erros da familia 500 nos últimos 5 minutos",
      "fieldConfig": {
        "defaults": {
          "color": {
            "mode": "thresholds"
          },
          "decimals": 0,
          "mappings": [],
          "min": 0,
          "thresholds": {
            "mode": "absolute",
            "steps": [
              {
                "color": "dark-green",
                "value": null
              },
              {
                "color": "dark-orange",
                "value": 3
              },
              {
                "color": "dark-red",
                "value": 5
              }
            ]
          },
          "unit": "short"
        },
        "overrides": []
      },
      "gridPos": {
        "h": 4,
        "w": 4,
        "x": 4,
        "y": 27
      },
      "id": 26,
      "options": {
        "colorMode": "value",
        "graphMode": "area",
        "justifyMode": "auto",
        "orientation": "auto",
        "reduceOptions": {
          "calcs": [
            "lastNotNull"
          ],
          "fields": "",
          "values": false
        },
        "textMode": "auto"
      },
      "pluginVersion": "9.0.3",
      "targets": [
        {
          "datasource": {
            "type": "prometheus",
            "uid": "PybU_5x7k"
          },
          "editorMode": "code",
          "exemplar": true,
          "expr": "sum(increase(http_server_requests_seconds_count{application=\"$application\", instance=\"$instance\", job=\"$job\", status=~\"5..\"}[5m]))",
          "interval": "",
          "legendFormat": "{{label_name}}",
          "range": true,
          "refId": "A"
        }
      ],
      "title": "ERROR FAMILY 500",
      "type": "stat"
    },
    {
      "datasource": {},
      "description": "Tempo de resposta da API no último minuto",
      "fieldConfig": {
        "defaults": {
          "color": {
            "mode": "palette-classic"
          },
          "custom": {
            "axisLabel": "",
            "axisPlacement": "auto",
            "barAlignment": 0,
            "drawStyle": "line",
            "fillOpacity": 10,
            "gradientMode": "opacity",
            "hideFrom": {
              "legend": false,
              "tooltip": false,
              "viz": false
            },
            "lineInterpolation": "linear",
            "lineWidth": 1,
            "pointSize": 5,
            "scaleDistribution": {
              "type": "linear"
            },
            "showPoints": "never",
            "spanNulls": false,
            "stacking": {
              "group": "A",
              "mode": "none"
            },
            "thresholdsStyle": {
              "mode": "off"
            }
          },
          "mappings": [],
          "thresholds": {
            "mode": "absolute",
            "steps": [
              {
                "color": "green",
                "value": null
              },
              {
                "color": "red",
                "value": 80
              }
            ]
          },
          "unit": "s"
        },
        "overrides": []
      },
      "gridPos": {
        "h": 13,
        "w": 16,
        "x": 8,
        "y": 27
      },
      "id": 24,
      "options": {
        "legend": {
          "calcs": [
            "min",
            "max",
            "mean",
            "lastNotNull"
          ],
          "displayMode": "table",
          "placement": "right"
        },
        "tooltip": {
          "mode": "single",
          "sort": "none"
        }
      },
      "targets": [
        {
          "datasource": {
            "type": "prometheus",
            "uid": "PybU_5x7k"
          },
          "exemplar": true,
          "expr": "rate(http_server_requests_seconds_sum{instance=\"$instance\", application=\"$application\"}[5m]) / rate(http_server_requests_seconds_count{instance=\"$instance\", application=\"$application\"}[5m])",
          "interval": "",
          "legendFormat": "{{uri}} {{method}} {{status}}",
          "refId": "A"
        }
      ],
      "title": "RESPONSE TIME",
      "type": "timeseries"
    },
    {
      "datasource": {
        "type": "prometheus",
        "uid": "xQuegxR4k"
      },
      "description": "Taxa de erros nos últimos 5 minutos",
      "fieldConfig": {
        "defaults": {
          "color": {
            "mode": "palette-classic"
          },
          "custom": {
            "axisLabel": "",
            "axisPlacement": "auto",
            "barAlignment": 0,
            "drawStyle": "line",
            "fillOpacity": 10,
            "gradientMode": "opacity",
            "hideFrom": {
              "legend": false,
              "tooltip": false,
              "viz": false
            },
            "lineInterpolation": "linear",
            "lineWidth": 1,
            "pointSize": 5,
            "scaleDistribution": {
              "type": "linear"
            },
            "showPoints": "never",
            "spanNulls": false,
            "stacking": {
              "group": "A",
              "mode": "none"
            },
            "thresholdsStyle": {
              "mode": "off"
            }
          },
          "mappings": [],
          "max": 100,
          "thresholds": {
            "mode": "absolute",
            "steps": [
              {
                "color": "green",
                "value": null
              },
              {
                "color": "red",
                "value": 80
              }
            ]
          },
          "unit": "percent"
        },
        "overrides": [
          {
            "matcher": {
              "id": "byName",
              "options": "500"
            },
            "properties": [
              {
                "id": "color",
                "value": {
                  "fixedColor": "dark-red",
                  "mode": "fixed"
                }
              }
            ]
          },
          {
            "matcher": {
              "id": "byName",
              "options": "400"
            },
            "properties": [
              {
                "id": "color",
                "value": {
                  "fixedColor": "dark-orange",
                  "mode": "fixed"
                }
              }
            ]
          },
          {
            "matcher": {
              "id": "byName",
              "options": "404"
            },
            "properties": [
              {
                "id": "color",
                "value": {
                  "fixedColor": "dark-yellow",
                  "mode": "fixed"
                }
              }
            ]
          },
          {
            "matcher": {
              "id": "byName",
              "options": "5XX"
            },
            "properties": [
              {
                "id": "color",
                "value": {
                  "fixedColor": "dark-red",
                  "mode": "fixed"
                }
              }
            ]
          },
          {
            "matcher": {
              "id": "byName",
              "options": "4XX"
            },
            "properties": [
              {
                "id": "color",
                "value": {
                  "fixedColor": "dark-orange",
                  "mode": "fixed"
                }
              }
            ]
          }
        ]
      },
      "gridPos": {
        "h": 9,
        "w": 8,
        "x": 0,
        "y": 31
      },
      "id": 28,
      "options": {
        "legend": {
          "calcs": [
            "min",
            "max",
            "mean",
            "lastNotNull",
            "sum"
          ],
          "displayMode": "table",
          "placement": "bottom"
        },
        "tooltip": {
          "mode": "single",
          "sort": "none"
        }
      },
      "targets": [
        {
          "datasource": {
            "type": "prometheus",
            "uid": "PybU_5x7k"
          },
          "editorMode": "code",
          "exemplar": true,
          "expr": "sum(rate(http_server_requests_seconds_count{application=\"$application\", instance=\"$instance\", job=\"$job\", status=~\"5..\", uri!=\"/actuator/prometheus\"}[5m])) / sum(rate(http_server_requests_seconds_count{application=\"$application\", instance=\"$instance\", job=\"$job\", uri!=\"/actuator/prometheus\"}[5m]))",
          "interval": "",
          "legendFormat": "5XX",
          "range": true,
          "refId": "A"
        },
        {
          "datasource": {
            "type": "prometheus",
            "uid": "PybU_5x7k"
          },
          "editorMode": "code",
          "exemplar": true,
          "expr": "sum(rate(http_server_requests_seconds_count{application=\"$application\", instance=\"$instance\", job=\"$job\", status=~\"4..\", uri!=\"/actuator/prometheus\"}[5m])) / sum(rate(http_server_requests_seconds_count{application=\"$application\", instance=\"$instance\", job=\"$job\", uri!=\"/actuator/prometheus\"}[5m]))",
          "hide": false,
          "interval": "",
          "legendFormat": "4XX",
          "range": true,
          "refId": "B"
        }
      ],
      "title": "ERROR RATE",
      "type": "timeseries"
    },
    {
      "datasource": {},
      "description": "Latência média por minuto",
      "fieldConfig": {
        "defaults": {
          "color": {
            "mode": "palette-classic"
          },
          "custom": {
            "axisLabel": "",
            "axisPlacement": "auto",
            "barAlignment": 0,
            "drawStyle": "line",
            "fillOpacity": 10,
            "gradientMode": "opacity",
            "hideFrom": {
              "legend": false,
              "tooltip": false,
              "viz": false
            },
            "lineInterpolation": "linear",
            "lineWidth": 1,
            "pointSize": 5,
            "scaleDistribution": {
              "type": "linear"
            },
            "showPoints": "never",
            "spanNulls": false,
            "stacking": {
              "group": "A",
              "mode": "none"
            },
            "thresholdsStyle": {
              "mode": "off"
            }
          },
          "mappings": [],
          "thresholds": {
            "mode": "absolute",
            "steps": [
              {
                "color": "green",
                "value": null
              },
              {
                "color": "red",
                "value": 80
              }
            ]
          },
          "unit": "s"
        },
        "overrides": []
      },
      "gridPos": {
        "h": 6,
        "w": 16,
        "x": 0,
        "y": 40
      },
      "id": 30,
      "options": {
        "legend": {
          "calcs": [
            "min",
            "max",
            "mean",
            "lastNotNull"
          ],
          "displayMode": "table",
          "placement": "right"
        },
        "tooltip": {
          "mode": "single",
          "sort": "none"
        }
      },
      "targets": [
        {
          "datasource": {
            "type": "prometheus",
            "uid": "PybU_5x7k"
          },
          "exemplar": true,
          "expr": "histogram_quantile(0.99, sum(rate(http_server_requests_seconds_bucket{application=\"$application\", instance=\"$instance\", job=\"$job\", uri!=\"/actuator/prometheus\"}[5m])) by (le))",
          "interval": "",
          "legendFormat": "99%",
          "refId": "A"
        },
        {
          "datasource": {
            "type": "prometheus",
            "uid": "PybU_5x7k"
          },
          "exemplar": true,
          "expr": "histogram_quantile(0.90, sum(rate(http_server_requests_seconds_bucket{application=\"$application\", instance=\"$instance\", job=\"$job\", uri!=\"/actuator/prometheus\"}[5m])) by (le))",
          "hide": false,
          "interval": "",
          "legendFormat": "90%",
          "refId": "B"
        },
        {
          "datasource": {
            "type": "prometheus",
            "uid": "PybU_5x7k"
          },
          "exemplar": true,
          "expr": "histogram_quantile(0.75, sum(rate(http_server_requests_seconds_bucket{application=\"$application\", instance=\"$instance\", job=\"$job\", uri!=\"/actuator/prometheus\"}[5m])) by (le))",
          "hide": false,
          "interval": "",
          "legendFormat": "75%",
          "refId": "C"
        },
        {
          "datasource": {
            "type": "prometheus",
            "uid": "PybU_5x7k"
          },
          "exemplar": true,
          "expr": "histogram_quantile(0.50, sum(rate(http_server_requests_seconds_bucket{application=\"$application\", instance=\"$instance\", job=\"$job\", uri!=\"/actuator/prometheus\"}[5m])) by (le))",
          "hide": false,
          "interval": "",
          "legendFormat": "50%",
          "refId": "D"
        },
        {
          "datasource": {
            "type": "prometheus",
            "uid": "PybU_5x7k"
          },
          "exemplar": true,
          "expr": "histogram_quantile(0.25, sum(rate(http_server_requests_seconds_bucket{application=\"$application\", instance=\"$instance\", job=\"$job\", uri!=\"/actuator/prometheus\"}[5m])) by (le))",
          "hide": false,
          "interval": "",
          "legendFormat": "25%",
          "refId": "E"
        }
      ],
      "title": "LATENCY AVERAGE",
      "type": "timeseries"
    },
    {
      "datasource": {
        "type": "prometheus",
        "uid": "xQuegxR4k"
      },
      "description": "Duração máxima de uma requisição",
      "fieldConfig": {
        "defaults": {
          "color": {
            "mode": "palette-classic"
          },
          "custom": {
            "axisLabel": "",
            "axisPlacement": "auto",
            "barAlignment": 0,
            "drawStyle": "line",
            "fillOpacity": 10,
            "gradientMode": "opacity",
            "hideFrom": {
              "legend": false,
              "tooltip": false,
              "viz": false
            },
            "lineInterpolation": "linear",
            "lineWidth": 1,
            "pointSize": 5,
            "scaleDistribution": {
              "type": "linear"
            },
            "showPoints": "never",
            "spanNulls": false,
            "stacking": {
              "group": "A",
              "mode": "none"
            },
            "thresholdsStyle": {
              "mode": "off"
            }
          },
          "mappings": [],
          "thresholds": {
            "mode": "absolute",
            "steps": [
              {
                "color": "green",
                "value": null
              },
              {
                "color": "red",
                "value": 80
              }
            ]
          },
          "unit": "s"
        },
        "overrides": []
      },
      "gridPos": {
        "h": 17,
        "w": 8,
        "x": 16,
        "y": 40
      },
      "id": 36,
      "options": {
        "legend": {
          "calcs": [
            "min",
            "max",
            "lastNotNull"
          ],
          "displayMode": "table",
          "placement": "bottom"
        },
        "tooltip": {
          "mode": "single",
          "sort": "none"
        }
      },
      "targets": [
        {
          "datasource": {
            "type": "prometheus",
            "uid": "PybU_5x7k"
          },
          "exemplar": true,
          "expr": "http_server_requests_seconds_max{application=\"$application\", instance=\"$instance\", job=\"$job\", status=\"200\", uri!=\"/actuator/prometheus\"}",
          "interval": "",
          "legendFormat": "{{uri}} {{method}} {{status}}",
          "refId": "A"
        }
      ],
      "title": "MAX REQUEST DURATION",
      "type": "timeseries"
    },
    {
      "datasource": {},
      "description": "Número de requisições por endpoint no último minuto",
      "fieldConfig": {
        "defaults": {
          "color": {
            "mode": "palette-classic"
          },
          "custom": {
            "axisLabel": "",
            "axisPlacement": "auto",
            "barAlignment": 0,
            "drawStyle": "line",
            "fillOpacity": 10,
            "gradientMode": "opacity",
            "hideFrom": {
              "legend": false,
              "tooltip": false,
              "viz": false
            },
            "lineInterpolation": "linear",
            "lineWidth": 1,
            "pointSize": 5,
            "scaleDistribution": {
              "type": "linear"
            },
            "showPoints": "never",
            "spanNulls": false,
            "stacking": {
              "group": "A",
              "mode": "none"
            },
            "thresholdsStyle": {
              "mode": "off"
            }
          },
          "mappings": [],
          "thresholds": {
            "mode": "absolute",
            "steps": [
              {
                "color": "green",
                "value": null
              },
              {
                "color": "red",
                "value": 80
              }
            ]
          },
          "unit": "short"
        },
        "overrides": []
      },
      "gridPos": {
        "h": 11,
        "w": 8,
        "x": 0,
        "y": 46
      },
      "id": 32,
      "options": {
        "legend": {
          "calcs": [
            "min",
            "max",
            "mean",
            "lastNotNull"
          ],
          "displayMode": "table",
          "placement": "bottom"
        },
        "tooltip": {
          "mode": "single",
          "sort": "none"
        }
      },
      "targets": [
        {
          "datasource": {
            "type": "prometheus",
            "uid": "PybU_5x7k"
          },
          "editorMode": "code",
          "exemplar": true,
          "expr": "sum(increase(http_server_requests_seconds_count{application=\"$application\", instance=\"$instance\", job=\"$job\", uri=\"/cursos\"}[5m]))",
          "interval": "",
          "legendFormat": "/cursos",
          "range": true,
          "refId": "A"
        },
        {
          "datasource": {
            "type": "prometheus",
            "uid": "PybU_5x7k"
          },
          "editorMode": "code",
          "exemplar": true,
          "expr": "sum(increase(http_server_requests_seconds_count{application=\"$application\", instance=\"$instance\", job=\"$job\", uri=\"/cursos/{id}\"}[5m]))",
          "hide": false,
          "interval": "",
          "legendFormat": "/cursos/{id}",
          "range": true,
          "refId": "B"
        }
      ],
      "title": "REQUEST COUNT",
      "type": "timeseries"
    },
    {
      "datasource": {},
      "description": "Duração média de requisições no último minuto",
      "fieldConfig": {
        "defaults": {
          "color": {
            "mode": "palette-classic"
          },
          "custom": {
            "axisLabel": "",
            "axisPlacement": "auto",
            "barAlignment": 0,
            "drawStyle": "line",
            "fillOpacity": 10,
            "gradientMode": "opacity",
            "hideFrom": {
              "legend": false,
              "tooltip": false,
              "viz": false
            },
            "lineInterpolation": "linear",
            "lineWidth": 1,
            "pointSize": 5,
            "scaleDistribution": {
              "type": "linear"
            },
            "showPoints": "never",
            "spanNulls": false,
            "stacking": {
              "group": "A",
              "mode": "none"
            },
            "thresholdsStyle": {
              "mode": "off"
            }
          },
          "mappings": [],
          "thresholds": {
            "mode": "absolute",
            "steps": [
              {
                "color": "green",
                "value": null
              },
              {
                "color": "red",
                "value": 80
              }
            ]
          },
          "unit": "s"
        },
        "overrides": []
      },
      "gridPos": {
        "h": 11,
        "w": 8,
        "x": 8,
        "y": 46
      },
      "id": 34,
      "options": {
        "legend": {
          "calcs": [
            "min",
            "max",
            "lastNotNull"
          ],
          "displayMode": "table",
          "placement": "bottom"
        },
        "tooltip": {
          "mode": "single",
          "sort": "none"
        }
      },
      "targets": [
        {
          "datasource": {
            "type": "prometheus",
            "uid": "PybU_5x7k"
          },
          "exemplar": true,
          "expr": "rate(http_server_requests_seconds_sum{application=\"$application\", instance=\"$instance\", job=\"$job\", status=\"200\", uri=\"/cursos\"}[5m]) / rate(http_server_requests_seconds_count{application=\"$application\", instance=\"$instance\", job=\"$job\", status=\"200\", uri=\"/cursos\"}[5m])",
          "interval": "",
          "legendFormat": "{{uri}} {{method}} {{status}}",
          "refId": "A"
        },
        {
          "datasource": {
            "type": "prometheus",
            "uid": "PybU_5x7k"
          },
          "exemplar": true,
          "expr": "rate(http_server_requests_seconds_sum{application=\"$application\", instance=\"$instance\", job=\"$job\", status=\"200\", uri=\"/cursos/{id}\"}[5m]) / rate(http_server_requests_seconds_count{application=\"$application\", instance=\"$instance\", job=\"$job\", status=\"200\", uri=\"/cursos/{id}\"}[5m])",
          "hide": false,
          "interval": "",
          "legendFormat": "{{uri}} {{method}} {{status}}",
          "refId": "B"
        }
      ],
      "title": "AVERAGE REQUEST DURATION",
      "type": "timeseries"
    }
  ],
  "refresh": "5s",
  "schemaVersion": 36,
  "style": "dark",
  "tags": [],
  "templating": {
    "list": [
      {
        "current": {
          "selected": false,
          "text": "api-cursos",
          "value": "api-cursos"
        },
        "datasource": {
          "type": "prometheus",
          "uid": "xQuegxR4k"
        },
        "definition": "label_values(application)",
        "hide": 0,
        "includeAll": false,
        "label": "application",
        "multi": false,
        "name": "application",
        "options": [],
        "query": {
          "query": "label_values(application)",
          "refId": "StandardVariableQuery"
        },
        "refresh": 1,
        "regex": "",
        "skipUrlSync": false,
        "sort": 0,
        "type": "query"
      },
      {
        "current": {
          "selected": false,
          "text": "api-cursos:8080",
          "value": "api-cursos:8080"
        },
        "datasource": {
          "type": "prometheus",
          "uid": "xQuegxR4k"
        },
        "definition": "label_values(jvm_classes_loaded_classes{application=\"$application\"}, instance)",
        "hide": 0,
        "includeAll": false,
        "label": "instance",
        "multi": false,
        "name": "instance",
        "options": [],
        "query": {
          "query": "label_values(jvm_classes_loaded_classes{application=\"$application\"}, instance)",
          "refId": "StandardVariableQuery"
        },
        "refresh": 1,
        "regex": "",
        "skipUrlSync": false,
        "sort": 0,
        "type": "query"
      },
      {
        "current": {
          "selected": false,
          "text": "HikariPool-1",
          "value": "HikariPool-1"
        },
        "datasource": {
          "type": "prometheus",
          "uid": "xQuegxR4k"
        },
        "definition": "label_values(hikaricp_connections{instance=\"$instance\", application=\"$application\"}, pool)",
        "hide": 0,
        "includeAll": false,
        "label": "pool",
        "multi": false,
        "name": "pool",
        "options": [],
        "query": {
          "query": "label_values(hikaricp_connections{instance=\"$instance\", application=\"$application\"}, pool)",
          "refId": "StandardVariableQuery"
        },
        "refresh": 1,
        "regex": "",
        "skipUrlSync": false,
        "sort": 0,
        "type": "query"
      },
      {
        "current": {
          "selected": true,
          "text": [
            "api-cursos"
          ],
          "value": [
            "api-cursos"
          ]
        },
        "datasource": {
          "type": "prometheus",
          "uid": "xQuegxR4k"
        },
        "definition": "label_values(hikaricp_connections{instance=\"$instance\", application=\"$application\"}, job)",
        "hide": 0,
        "includeAll": false,
        "label": "job",
        "multi": true,
        "name": "job",
        "options": [],
        "query": {
          "query": "label_values(hikaricp_connections{instance=\"$instance\", application=\"$application\"}, job)",
          "refId": "StandardVariableQuery"
        },
        "refresh": 1,
        "regex": "",
        "skipUrlSync": false,
        "sort": 0,
        "type": "query"
      }
    ]
  },
  "time": {
    "from": "now-5m",
    "to": "now"
  },
  "timepicker": {},
  "timezone": "",
  "title": "api-cursos",
  "uid": "8tnUJQbnz22",
  "version": 13,
  "weekStart": ""
}